day,ren_rate
1,0.06699510025443267
2,0.03821137712167699
3,0.01663421860503278
4,0.06030978479769766
5,0.040342215226380373
6,0.04107711713077311
7,0.09288897094992787
